0.000;4.0344;-0.937451;0.000000;;;
0.364;4.1647;-0.740075;0.001583;;;
0.728;4.3717;-0.808196;0.003978;;;
1.092;4.5737;-0.191147;0.006172;;;
1.457;4.7799;-0.001725;0.008463;;;
1.821;4.9807;-0.262148;0.010744;;;
2.185;5.1809;-2.244579;0.013033;;;
2.549;5.3837;-4.379162;0.015322;;;
2.913;5.5848;-4.300286;0.017611;;;
3.278;5.7846;-3.824507;0.019817;;;
3.642;5.9866;-2.013214;0.022107;;;
4.006;6.1881;-1.727107;0.024378;;;
4.370;6.3903;-2.674899;0.026667;;;
4.734;6.5926;-3.080381;0.028956;;;
5.099;6.7911;-2.889771;0.031170;;;
5.463;6.9906;-3.464988;0.033461;;;
5.827;7.1941;-1.891238;0.035752;;;
6.191;7.3938;-0.927281;0.038011;;;
6.555;7.5937;-0.999026;0.040300;;;
6.920;7.7954;-2.913405;0.042589;;;
7.284;7.9934;-4.707699;0.044815;;;
7.648;8.1898;-4.919890;0.047067;;;
8.012;8.3860;-7.060389;0.049356;;;
8.376;8.5791;-8.372994;0.051644;;;
8.741;8.7740;-8.774179;0.053933;;;
9.105;8.9694;-18.304729;0.056222;;;
9.469;9.1621;-30.039745;0.058459;;;
9.833;9.3548;-35.251381;0.060700;;;
10.197;9.5497;-36.153320;0.063041;;;
10.561;9.7416;-35.578003;0.065278;;;
10.925;9.9332;-38.407799;0.067567;;;
11.290;10.1265;-38.686783;0.069813;;;
11.654;10.3194;-38.845680;0.072104;;;
12.018;10.5108;-41.495701;0.074333;;;
12.382;10.7012;-40.555099;0.076622;;;
12.746;10.8887;-42.131851;0.078911;;;
13.110;11.0757;-42.807751;0.081200;;;
13.475;11.2627;-40.601303;0.083457;;;
13.839;11.4468;-40.047771;0.085678;;;
14.203;11.6326;-38.162609;0.087967;;;
14.567;11.8192;-36.215302;0.090256;;;
14.931;12.0024;-36.964249;0.092544;;;
15.295;12.1831;-35.297379;0.094833;;;
15.660;12.3632;-34.847076;0.097102;;;
16.024;12.5428;-35.092506;0.099393;;;
16.388;12.7214;-30.448643;0.101600;;;
16.752;12.9015;-28.800482;0.103889;;;
17.116;13.0809;-26.783947;0.106178;;;
17.480;13.2599;-23.516109;0.108456;;;
17.844;13.4367;-22.933062;0.110746;;;
18.209;13.6108;-22.616608;0.112944;;;
18.573;13.7853;-22.709751;0.115233;;;
18.937;13.9619;-23.745739;0.117522;;;
19.301;14.1378;-24.530518;0.119811;;;
19.665;14.3129;-20.522923;0.122100;;;
20.030;14.4890;-19.039507;0.124389;;;
20.394;14.6635;-16.675896;0.126581;;;
20.758;14.8370;-16.497696;0.128867;;;
21.122;15.0086;-16.587797;0.131156;;;
21.486;15.1795;-19.319355;0.133444;;;
21.850;15.3527;-22.969393;0.135733;;;
22.215;15.5242;-23.685503;0.137935;;;
22.579;15.6939;-24.238291;0.140211;;;
22.943;15.8635;-25.211391;0.142500;;;
23.307;16.0337;-27.067774;0.144789;;;
23.671;16.2021;-28.872669;0.147078;;;
24.035;16.3705;-30.886055;0.149289;;;
24.399;16.5429;-32.052094;0.151580;;;
24.763;16.7173;-32.370697;0.153844;;;
25.127;16.8895;-32.507732;0.156133;;;
25.491;17.0625;-33.654442;0.158422;;;
25.855;17.2359;-35.326374;0.160711;;;
26.219;17.4094;-36.180328;0.163000;;;
26.583;17.5844;-35.993454;0.165224;;;
26.947;17.7594;-36.920914;0.167478;;;
27.312;17.9360;-38.314171;0.169767;;;
27.676;18.1113;-41.469692;0.172056;;;
28.040;18.2869;-48.033463;0.174344;;;
28.404;18.4599;-51.197277;0.176578;;;
28.768;18.6341;-52.000793;0.178869;;;
29.132;18.8091;-52.117260;0.181111;;;
29.496;18.9837;-50.683548;0.183400;;;
29.860;19.1588;-51.016998;0.185689;;;
30.224;19.3340;-51.116013;0.187931;;;
30.588;19.5077;-51.368374;0.190222;;;
30.952;19.6808;-51.214668;0.192456;;;
31.316;19.8518;-50.993046;0.194744;;;
31.681;20.0105;-52.166489;0.197033;;;
32.045;20.1758;-52.341087;0.199322;;;
32.409;20.3499;-51.785744;0.201611;;;
32.773;20.5206;-51.590473;0.203800;;;
33.137;20.6909;-53.002750;0.206089;;;
33.501;20.8611;-53.664886;0.208378;;;
33.865;21.0297;-54.755939;0.210667;;;
34.229;21.1962;-55.730042;0.212930;;;
34.593;21.3635;-56.247787;0.215220;;;
34.957;21.5328;-56.330975;0.217511;;;
35.322;21.7016;-57.891541;0.219722;;;
35.686;21.8677;-57.425526;0.222011;;;
36.050;22.0324;-56.959709;0.224300;;;
36.414;22.1969;-53.501549;0.226574;;;
36.778;22.3605;-51.683868;0.228865;;;
37.142;22.5227;-34.446472;0.231067;;;
37.506;22.6870;-12.685950;0.233356;;;
37.871;22.8522;10.220106;0.235644;;;
38.235;23.0131;67.638580;0.237933;;;
38.599;23.1724;93.842110;0.240219;;;
38.963;23.3320;118.964928;0.242509;;;
39.327;23.4904;153.995743;0.244700;;;
39.691;23.6485;174.521805;0.246989;;;
40.055;23.8064;183.811646;0.249278;;;
40.420;23.9659;187.852600;0.251567;;;
40.784;24.1267;204.103424;0.253856;;;
41.148;24.2854;213.988098;0.256054;;;
41.512;24.4424;216.867493;0.258333;;;
41.876;24.5991;218.626801;0.260635;;;
42.240;24.7565;218.450089;0.262911;;;
42.604;24.9142;218.818817;0.265200;;;
42.968;25.0721;218.166962;0.267407;;;
43.332;25.2314;217.885345;0.269698;;;
43.696;25.3895;217.671356;0.271989;;;
44.061;25.5464;218.541168;0.274256;;;
44.425;25.7010;219.385071;0.276544;;;
44.789;25.8565;222.692352;0.278833;;;
45.153;26.0130;224.446274;0.281122;;;
45.517;26.1701;224.480835;0.283343;;;
45.881;26.3250;224.355087;0.285600;;;
46.245;26.4799;224.449768;0.287889;;;
46.609;26.6360;223.361145;0.290178;;;
46.973;26.7907;220.170502;0.292467;;;
47.337;26.9426;220.881897;0.294696;;;
47.702;27.0978;224.748657;0.296987;;;
48.066;27.2540;229.332184;0.299233;;;
48.430;27.4080;239.280563;0.301522;;;
48.794;27.5622;248.647049;0.303811;;;
49.158;27.7146;253.511322;0.306100;;;
49.522;27.8680;255.412720;0.308341;;;
49.886;28.0207;256.782227;0.310631;;;
50.250;28.1709;257.103882;0.312867;;;
50.614;28.3232;256.757874;0.315156;;;
50.978;28.4779;255.849426;0.317444;;;
51.343;28.6304;254.935501;0.319733;;;
51.707;28.7818;254.525330;0.321985;;;
52.071;28.9344;253.293884;0.324211;;;
52.435;29.0879;251.448517;0.326500;;;
52.799;29.2399;250.652557;0.328789;;;
53.163;29.3918;250.634857;0.331078;;;
53.527;29.5443;250.254639;0.333339;;;
53.891;29.6971;247.625824;0.335630;;;
54.255;29.8494;246.868530;0.337844;;;
54.620;29.9990;246.492493;0.340133;;;
54.984;30.1496;246.967911;0.342422;;;
55.348;30.3005;247.247055;0.344711;;;
55.712;30.4503;245.821106;0.346983;;;
56.076;30.6008;241.614899;0.349274;;;
56.440;30.7491;239.542480;0.351478;;;
56.804;30.8969;238.134552;0.353767;;;
57.168;31.0445;235.981750;0.356056;;;
57.532;31.1873;234.592133;0.358337;;;
57.896;31.3139;233.762665;0.360628;;;
58.260;31.4207;233.806885;0.362919;;;
58.624;31.5617;232.667877;0.365111;;;
58.988;31.7082;231.159103;0.367400;;;
59.353;31.8541;228.617249;0.369689;;;
59.717;32.0026;227.822784;0.371978;;;
60.081;32.1494;227.210373;0.374172;;;
60.445;32.2920;227.281281;0.376463;;;
60.809;32.4376;226.391632;0.378754;;;
61.173;32.5845;225.208069;0.381033;;;
61.537;32.7289;222.963837;0.383322;;;
61.901;32.8728;222.762817;0.385611;;;
62.265;33.0160;222.411316;0.387817;;;
62.629;33.1573;222.259705;0.390107;;;
62.993;33.3013;222.952820;0.392378;;;
63.357;33.4420;223.815918;0.394667;;;
63.721;33.5826;223.119675;0.396956;;;
64.085;33.7290;222.431519;0.399244;;;
64.449;33.8704;223.089111;0.401461;;;
64.813;34.0100;224.297440;0.403752;;;
65.177;34.1523;224.224030;0.406011;;;
65.541;34.2937;224.103333;0.408300;;;
65.905;34.4355;223.409882;0.410589;;;
66.270;34.5795;222.357849;0.412815;;;
66.634;34.7230;221.268280;0.415106;;;
66.998;34.8664;221.181671;0.417396;;;
67.362;35.0106;220.737732;0.419644;;;
67.726;35.1511;219.024567;0.421933;;;
68.090;35.2916;216.710571;0.424222;;;
68.454;35.4333;215.268188;0.426511;;;
68.818;35.5764;215.027313;0.428700;;;
69.182;35.7175;214.650879;0.430989;;;
69.546;35.8620;213.888702;0.433278;;;
69.910;36.0060;212.485718;0.435567;;;
70.274;36.1474;212.261261;0.437856;;;
70.638;36.2900;212.273804;0.440104;;;
71.003;36.4308;211.189240;0.442333;;;
71.367;36.5732;209.106094;0.444622;;;
71.731;36.7193;209.614349;0.446911;;;
72.095;36.8613;208.767090;0.449200;;;
72.459;37.0019;207.266235;0.451457;;;
72.823;37.1475;207.872803;0.453778;;;
73.188;37.2891;208.060699;0.455967;;;
73.552;37.4272;208.585815;0.458256;;;
73.916;37.5687;208.557129;0.460544;;;
74.280;37.7114;207.495773;0.462833;;;
74.644;37.8515;205.768311;0.465102;;;
75.008;37.9912;204.783951;0.467393;;;
75.373;38.1305;205.326904;0.469600;;;
75.737;38.2688;205.656708;0.471889;;;
76.101;38.4056;207.239426;0.474178;;;
76.465;38.5416;206.584076;0.476467;;;
76.829;38.6763;206.128754;0.478746;;;
77.193;38.8142;206.931030;0.481037;;;
77.557;38.9493;206.319839;0.483233;;;
77.921;39.0798;206.324905;0.485522;;;
78.286;39.2124;206.706772;0.487811;;;
78.650;39.3448;206.760864;0.490100;;;
79.014;39.4722;206.565979;0.492389;;;
79.378;39.6008;206.240021;0.494581;;;
79.742;39.7288;206.842377;0.496872;;;
80.106;39.8539;205.757782;0.499156;;;
80.470;39.9804;204.005508;0.501444;;;
80.835;40.1037;202.586960;0.503644;;;
81.199;40.2249;203.858566;0.506022;;;
81.563;40.3499;205.944733;0.508311;;;
81.927;40.4729;206.241653;0.510500;;;
82.291;40.5919;206.373230;0.512789;;;
82.655;40.7126;207.475006;0.515078;;;
83.020;40.8320;208.030670;0.517367;;;
83.384;40.9485;208.800705;0.519580;;;
83.748;41.0651;207.865082;0.521870;;;
84.112;41.1792;208.261597;0.524133;;;
84.476;41.2929;207.577438;0.526422;;;
84.840;41.4070;206.852112;0.528711;;;
85.204;41.5176;206.499573;0.531000;;;
85.568;41.6258;204.693115;0.533224;;;
85.933;41.7365;204.498352;0.535515;;;
86.297;41.8450;205.257385;0.537767;;;
86.661;41.9496;205.119720;0.540056;;;
87.025;42.0570;203.327576;0.542344;;;
87.389;42.1642;202.265793;0.544633;;;
87.753;42.2691;201.422913;0.546869;;;
88.117;42.3735;200.910416;0.549111;;;
88.482;42.4750;199.168945;0.551400;;;
88.846;42.5766;199.580719;0.553689;;;
89.210;42.6786;198.777802;0.555978;;;
89.574;42.7780;197.340179;0.558167;;;
89.938;42.8770;195.847382;0.560513;;;
90.302;42.9773;194.215027;0.562804;;;
90.666;43.0727;193.886841;0.565033;;;
91.030;43.1650;193.843063;0.567322;;;
91.395;43.2579;193.971985;0.569611;;;
91.759;43.3488;193.987625;0.571867;;;
92.123;43.4386;193.424088;0.574089;;;
92.487;43.5278;191.776154;0.576378;;;
92.851;43.6134;191.996002;0.578667;;;
93.215;43.6969;193.078796;0.580956;;;
93.579;43.7791;194.211060;0.583244;;;
93.944;43.8571;197.331818;0.585433;;;
94.308;43.9333;199.028000;0.587802;;;
94.672;44.0116;199.792084;0.590011;;;
95.036;44.0894;198.670258;0.592300;;;
95.400;44.1647;198.319366;0.594574;;;
95.764;44.2404;197.452347;0.596865;;;
96.128;44.3167;196.667755;0.599156;;;
96.492;44.3899;196.167603;0.601356;;;
96.857;44.4635;195.338150;0.603644;;;
97.221;44.5359;194.387665;0.605933;;;
97.585;44.6077;194.478851;0.608219;;;
97.949;44.6832;194.717377;0.610509;;;
98.313;44.7544;194.117767;0.612700;;;
98.677;44.8250;193.675720;0.614991;;;
99.041;44.8988;192.628250;0.617278;;;
99.406;44.9692;191.330139;0.619567;;;
99.770;45.0386;190.633545;0.621856;;;
100.134;45.1111;189.953522;0.624144;;;
100.498;45.1836;189.240387;0.626344;;;
100.862;45.2541;188.886017;0.628622;;;
101.226;45.3237;187.975937;0.630911;;;
101.590;45.3936;187.657684;0.633200;;;
101.955;45.4626;182.636459;0.635489;;;
102.319;45.5330;175.444061;0.637778;;;
102.683;45.6007;163.848969;0.639989;;;
103.047;45.6681;153.557770;0.642280;;;
103.411;45.7388;140.787628;0.644544;;;
103.775;45.8073;124.784317;0.646833;;;
104.139;45.8729;114.960571;0.649122;;;
104.503;45.9427;107.473801;0.651411;;;
104.868;46.0112;92.824326;0.653633;;;
105.232;46.0781;82.051910;0.655889;;;
105.596;46.1461;67.973190;0.658178;;;
105.960;46.2134;53.881462;0.660467;;;
106.324;46.2803;46.897339;0.662756;;;
106.688;46.3478;36.915154;0.664987;;;
107.052;46.4134;28.169510;0.667233;;;
107.417;46.4765;17.501120;0.669522;;;
107.781;46.5444;9.163970;0.671811;;;
108.145;46.6099;0.056125;0.674100;;;
108.509;46.6738;-10.207475;0.676341;;;
108.873;46.7405;-14.376031;0.678631;;;
109.237;46.8072;-17.212799;0.680867;;;
109.601;46.8731;-17.432640;0.683156;;;
109.966;46.9387;-17.568438;0.685444;;;
110.330;47.0053;-17.679440;0.687733;;;
110.694;47.0729;-17.252537;0.690022;;;
111.058;47.1412;-18.801769;0.692276;;;
111.422;47.2079;-23.699476;0.694500;;;
111.786;47.2614;-28.698380;0.696789;;;
112.150;47.7091;-36.355965;0.699607;;;
112.514;48.2071;-44.319397;0.712406;;;
112.879;48.4644;-50.854202;0.723726;;;
113.243;48.7237;-56.518410;0.735098;;;
113.607;49.0219;-59.547050;0.746444;;;
113.971;49.3258;-65.271484;0.757791;;;
114.335;49.6304;-69.602615;0.769219;;;
114.699;49.9434;-70.341522;0.780483;;;
115.063;50.2451;-72.149094;0.791915;;;
115.428;50.5412;-77.704796;0.803263;;;
115.792;50.8404;-83.831299;0.814611;;;
116.156;51.1259;-86.744293;0.825969;;;
116.520;51.4047;-87.193954;0.837315;;;
116.884;51.6738;-86.849701;0.848661;;;
117.248;51.9434;-86.187859;0.860007;;;
117.612;52.2214;-87.150673;0.871354;;;
117.977;52.4924;-86.741318;0.882700;;;
118.341;52.7656;-85.758133;0.894146;;;
118.705;53.0479;-86.970612;0.905396;;;
119.069;53.3310;-88.247459;0.916839;;;
119.433;53.6078;-88.231384;0.928185;;;
119.797;53.8827;-86.544983;0.939531;;;
120.162;54.1582;-85.409744;0.950889;;;
120.526;54.4292;-85.700165;0.962237;;;
120.890;54.6898;-86.285248;0.973585;;;
121.254;54.9487;-87.683403;0.985017;;;
121.618;55.2061;-89.249969;0.996281;;;
121.982;55.4580;-88.877899;1.007709;;;
122.347;55.7117;-89.514801;1.019056;;;
122.711;55.9636;-91.825874;1.030402;;;
123.075;56.2161;-92.354202;1.041774;;;
123.439;56.4736;-92.021988;1.053094;;;
123.803;56.7169;-91.342667;1.064470;;;
124.168;56.9651;-91.621460;1.075887;;;
124.532;57.2077;-92.244949;1.087167;;;
124.896;57.4450;-92.647781;1.098515;;;
125.260;57.6871;-93.636375;1.109926;;;
125.624;57.9238;-93.057968;1.121272;;;
125.989;58.1580;-93.401169;1.132659;;;
126.353;58.4001;-93.565704;1.143965;;;
126.717;58.6360;-93.515182;1.155356;;;
127.081;58.8496;-93.244904;1.166704;;;
127.445;59.0318;-92.582649;1.178052;;;
127.810;59.3179;-92.265327;1.189450;;;
128.174;59.5600;-93.615219;1.200796;;;
128.538;59.7853;-93.122231;1.212096;;;
128.902;60.0055;-93.093582;1.223544;;;
129.266;60.2306;-91.831017;1.234835;;;
129.631;60.4385;-92.643791;1.246241;;;
129.995;60.6432;-92.582848;1.257628;;;
130.359;60.8412;-89.540588;1.268974;;;
130.723;61.0307;-81.399582;1.280285;;;
131.087;61.2273;-70.380936;1.291667;;;
131.451;61.4186;-58.855698;1.303013;;;
131.816;61.6098;-47.281258;1.314359;;;
132.180;61.7973;-36.909992;1.325706;;;
132.544;61.9749;-25.566868;1.337126;;;
132.908;62.1585;-14.374966;1.348474;;;
133.272;62.3398;-2.647441;1.359822;;;
133.636;62.5099;5.220350;1.371191;;;
134.000;62.6807;9.896575;1.382537;;;
134.365;62.8429;17.328190;1.393867;;;
134.729;63.0050;28.973251;1.405230;;;
135.093;63.1757;41.236614;1.416576;;;
135.457;63.3385;53.795753;1.427911;;;
135.821;63.5051;65.374046;1.439359;;;
136.185;63.6670;76.295715;1.450615;;;
136.550;63.8229;88.424179;1.462056;;;
136.914;63.9855;101.032455;1.473407;;;
137.278;64.1442;112.325500;1.484752;;;
137.642;64.3009;123.122833;1.496100;;;
138.006;64.4554;134.173492;1.507446;;;
138.370;64.5986;146.552048;1.518796;;;
138.734;64.7502;158.777405;1.530144;;;
139.098;64.9128;170.456726;1.541485;;;
139.463;65.0638;181.245789;1.552931;;;
139.827;65.2133;191.048096;1.564278;;;
140.191;65.3557;200.197388;1.575537;;;
140.555;65.4955;212.191833;1.586985;;;
140.919;65.6430;223.277176;1.598317;;;
141.283;65.7898;233.590393;1.609681;;;
141.647;65.9346;243.941101;1.621030;;;
142.011;66.0839;255.072861;1.632356;;;
142.376;66.2354;265.730286;1.643726;;;
142.740;66.3949;276.666016;1.655074;;;
143.104;66.5418;288.371307;1.666494;;;
143.468;66.6837;299.263184;1.677841;;;
143.832;66.8291;309.536316;1.689187;;;
144.196;66.9642;320.329773;1.700567;;;
144.561;67.1004;331.172302;1.711915;;;
144.925;67.2417;342.233643;1.723226;;;
145.289;67.3738;352.831848;1.734611;;;
145.653;67.5132;363.910400;1.746019;;;
146.017;67.6488;374.204041;1.757307;;;
146.381;67.7747;384.424683;1.768756;;;
146.745;67.9128;394.155609;1.780057;;;
147.110;68.0482;404.354065;1.791404;;;
147.474;68.1790;414.121796;1.802800;;;
147.838;68.3071;424.257751;1.814148;;;
148.202;68.4274;434.252930;1.825496;;;
148.566;68.5537;444.833008;1.836889;;;
148.930;68.6693;456.980225;1.848193;;;
149.294;68.7889;467.186249;1.859581;;;
149.659;68.9128;476.531006;1.870928;;;
150.023;69.0271;488.183716;1.882274;;;
150.387;69.1573;498.693359;1.893685;;;
150.751;69.2864;509.125946;1.904967;;;
151.115;69.3897;519.118774;1.916381;;;
151.479;69.5115;529.594116;1.927730;;;
151.843;69.6271;539.682617;1.939006;;;
152.207;69.7341;550.357971;1.950452;;;
152.571;69.8488;560.826599;1.961798;;;
152.935;69.9500;571.069824;1.973144;;;
153.300;70.0482;582.084473;1.984570;;;
153.664;70.1443;591.781372;1.995837;;;
154.028;70.2304;601.565430;2.007267;;;
154.392;70.3286;611.071716;2.018630;;;
154.756;70.4162;621.116699;2.029963;;;
155.120;70.5056;632.908569;2.041322;;;
155.484;70.6027;644.566895;2.052669;;;
155.848;70.6906;654.503418;2.064007;;;
156.212;70.7826;665.399780;2.075456;;;
156.576;70.8729;676.806519;2.086707;;;
156.941;70.9513;686.070374;2.098152;;;
157.305;71.0323;695.887573;2.109500;;;
157.669;71.1162;704.074707;2.120748;;;
158.033;71.1899;713.017578;2.132196;;;
158.397;71.2630;721.995483;2.143539;;;
158.761;71.3427;731.228577;2.154885;;;
159.125;71.4261;741.975037;2.166241;;;
159.489;71.5007;751.411011;2.177589;;;
159.853;71.5696;759.550537;2.189024;;;
160.217;71.6508;769.718994;2.200285;;;
160.582;71.7307;778.836548;2.211633;;;
160.946;71.8080;788.098389;2.223063;;;
161.310;71.8908;798.571289;2.234409;;;
161.674;71.9588;807.815430;2.245778;;;
162.038;72.0323;815.876221;2.257102;;;
162.402;72.1143;826.967163;2.268448;;;
162.766;72.1881;837.026733;2.279822;;;
163.130;72.2616;846.557617;2.291241;;;
163.494;72.3205;853.957153;2.302519;;;
163.858;72.3757;863.425293;2.313933;;;
164.223;72.4363;872.839355;2.325215;;;
164.587;72.5022;882.674377;2.336626;;;
164.951;72.5742;893.378418;2.347972;;;
165.315;72.6467;903.124390;2.359319;;;
165.679;72.7125;910.687744;2.370665;;;
166.043;72.7933;918.884277;2.382011;;;
166.407;72.8670;928.082275;2.393357;;;
166.771;72.9356;937.949097;2.404752;;;
167.135;73.0097;947.531494;2.416100;;;
167.499;73.0631;955.088684;2.427496;;;
167.863;73.1096;962.856201;2.438896;;;
168.228;73.1628;970.786377;2.450189;;;
168.592;73.2093;979.808350;2.461593;;;
168.956;73.2648;989.795288;2.472941;;;
169.320;73.3179;998.657104;2.484289;;;
169.684;73.3695;1006.404297;2.495674;;;
170.048;73.4219;1015.141785;2.506985;;;
170.412;73.4748;1024.251709;2.518333;;;
170.776;73.5325;1034.154297;2.529713;;;
171.140;73.5818;1042.529541;2.541059;;;
171.504;73.6272;1051.723877;2.552406;;;
171.869;73.6810;1059.404663;2.563752;;;
172.233;73.7290;1069.039062;2.575098;;;
172.597;73.7759;1077.400146;2.586522;;;
172.961;73.8309;1085.335205;2.597870;;;
173.325;73.8763;1093.855225;2.609219;;;
173.689;73.9263;1103.150879;2.620567;;;
174.053;73.9805;1112.386841;2.631915;;;
174.417;74.0338;1122.077637;2.643276;;;
174.781;74.0921;1130.828979;2.654622;;;
175.145;74.1508;1140.669067;2.665969;;;
175.510;74.2062;1149.366211;2.677415;;;
175.874;74.2545;1157.573608;2.688756;;;
176.238;74.2947;1166.369873;2.700104;;;
176.602;74.3382;1176.218262;2.711552;;;
176.966;74.3747;1185.644287;2.722800;;;
177.330;74.4042;1194.276245;2.734148;;;
177.694;74.4384;1203.116455;2.745593;;;
178.058;74.4702;1210.360352;2.756844;;;
178.422;74.4998;1218.109253;2.768285;;;
178.786;74.5428;1226.219971;2.779541;;;
179.151;74.5791;1232.749512;2.790978;;;
179.515;74.6194;1240.620728;2.802324;;;
179.879;74.6604;1247.255737;2.813670;;;
180.243;74.6910;1253.690430;2.825033;;;
180.607;74.7239;1259.913940;2.836381;;;
180.971;74.7520;1266.672363;2.847730;;;
181.335;74.7796;1273.882690;2.859156;;;
181.699;74.8151;1281.739258;2.870502;;;
182.063;74.8407;1290.384033;2.881848;;;
182.427;74.8780;1297.665771;2.893194;;;
182.791;74.9135;1303.397461;2.904541;;;
183.156;74.9430;1309.080322;2.915919;;;
183.520;74.9750;1315.512085;2.927233;;;
183.884;75.0136;1321.579712;2.938615;;;
184.248;75.0533;1326.154297;2.949963;;;
184.612;75.0975;1331.319092;2.961311;;;
184.976;75.1298;1336.620850;2.972719;;;
185.340;75.1613;1341.939941;2.984065;;;
185.704;75.1965;1346.758423;2.995356;;;
186.068;75.2282;1352.546875;3.006757;;;
186.432;75.2667;1358.854248;3.018104;;;
186.797;75.2911;1364.215332;3.029500;;;
187.161;75.3026;1369.578369;3.040896;;;
187.525;75.3211;1374.693115;3.052196;;;
187.889;75.3458;1379.751953;3.063544;;;
188.253;75.3755;1385.518311;3.074935;;;
188.617;75.4127;1390.086914;3.086241;;;
188.981;75.4517;1393.757324;3.097589;;;
189.345;75.4953;1397.302856;3.108974;;;
189.709;75.5331;1399.967285;3.120285;;;
190.073;75.5771;1404.060547;3.131667;;;
190.437;75.6161;1409.046265;3.143013;;;
190.801;75.6382;1413.423462;3.154430;;;
191.166;75.6606;1416.779053;3.165806;;;
191.530;75.6796;1421.745850;3.177126;;;
191.894;75.6931;1425.572266;3.188498;;;
192.258;75.7159;1429.174316;3.199844;;;
192.622;75.7407;1433.098022;3.211170;;;
192.986;75.7646;1437.024414;3.222619;;;
193.350;75.7874;1441.877075;3.233883;;;
193.714;75.8089;1445.641357;3.245315;;;
194.078;75.8316;1449.001221;3.256676;;;
194.442;75.8565;1452.969116;3.268011;;;
194.807;75.8807;1457.188721;3.279359;;;
195.171;75.9107;1460.800049;3.290715;;;
195.535;75.9347;1476.744385;3.302061;;;
195.899;75.9557;1494.491455;3.313504;;;
196.263;75.9815;1511.508301;3.324754;;;
196.627;75.9988;1529.190186;3.336200;;;
196.991;76.0241;1547.423096;3.347546;;;
197.355;76.0559;1565.684204;3.358796;;;
197.719;76.0841;1582.271484;3.370244;;;
198.083;76.1228;1598.331543;3.381585;;;
198.448;76.1694;1614.064697;3.392841;;;
198.812;76.1983;1628.314941;3.404378;;;
199.176;76.2264;1644.069580;3.415637;;;
199.540;76.2441;1659.625977;3.426985;;;
199.904;76.2625;1674.747925;3.438417;;;
200.268;76.2824;1690.371338;3.449763;;;
200.632;76.2951;1703.088745;3.461109;;;
200.996;76.3102;1717.336426;3.472456;;;
201.360;76.3177;1733.242432;3.483826;;;
201.724;76.3282;1747.806885;3.495174;;;
202.088;76.3467;1762.250732;3.506522;;;
202.453;76.3584;1777.133789;3.517870;;;
202.817;76.3800;1790.970215;3.529287;;;
203.181;76.3974;1802.493164;3.540567;;;
203.545;76.4102;1814.638062;3.552015;;;
203.909;76.4257;1825.738159;3.563326;;;
204.273;76.4408;1838.068115;3.574672;;;
204.637;76.4577;1849.640259;3.586059;;;
205.001;76.4781;1860.560303;3.597365;;;
205.365;76.5005;1869.932129;3.608756;;;
205.729;76.5104;1880.026367;3.620157;;;
206.093;76.5276;1887.928589;3.631452;;;
206.457;76.5446;1897.799072;3.642850;;;
206.822;76.5676;1906.959961;3.654196;;;
207.186;76.5858;1915.464966;3.665596;;;
207.550;76.6173;1923.224121;3.676889;;;
207.914;76.6560;1930.790771;3.688235;;;
208.278;76.6757;1939.386963;3.699641;;;
208.642;76.6927;1948.266357;3.711028;;;
209.006;76.7123;1955.960938;3.722274;;;
209.370;76.7274;1962.622559;3.733720;;;
209.734;76.7560;1969.432129;3.745033;;;
210.098;76.7902;1975.148438;3.756381;;;
210.462;76.8109;1979.911621;3.767830;;;
210.826;76.8230;1985.745117;3.779106;;;
211.191;76.8308;1991.897217;3.790526;;;
211.555;76.8477;1996.628418;3.801874;;;
211.919;76.8737;2001.549438;3.813144;;;
212.283;76.9057;2006.285889;3.824570;;;
212.647;76.9431;2010.426025;3.835837;;;
213.011;76.9681;2014.085205;3.847267;;;
213.375;76.9916;2019.501831;3.858615;;;
213.739;77.0312;2022.501709;3.869876;;;
214.103;77.0531;2025.335205;3.881322;;;
214.467;77.0661;2028.428711;3.892759;;;
214.832;77.0828;2029.026855;3.904015;;;
215.196;77.0871;2029.676758;3.915456;;;
215.560;77.0970;2031.423096;3.926804;;;
215.924;77.1124;2032.252930;3.938152;;;
216.288;77.1286;2033.229492;3.949500;;;
216.652;77.1495;2033.934082;3.960846;;;
217.016;77.1681;2034.090576;3.972196;;;
217.380;77.1896;2033.480713;3.983544;;;
217.744;77.2075;2032.818359;3.994893;;;
218.108;77.2214;2032.290405;4.006331;;;
218.472;77.2455;2031.772217;4.017589;;;
218.836;77.2621;2030.913940;4.029037;;;
219.200;77.2765;2029.675781;4.040370;;;
219.565;77.2996;2028.557861;4.051717;;;
219.929;77.3094;2026.765869;4.063081;;;
220.293;77.3188;2023.904419;4.074509;;;
220.657;77.3347;2022.700928;4.085778;;;
221.021;77.3602;2021.071167;4.097126;;;
221.385;77.3960;2019.302246;4.108474;;;
221.749;77.4288;2016.217896;4.119822;;;
222.113;77.4629;2012.374146;4.131241;;;
222.477;77.4917;2009.011230;4.142587;;;
222.841;77.5149;2005.541016;4.153967;;;
223.205;77.5300;2002.121582;4.165380;;;
223.570;77.5427;1997.884644;4.176663;;;
223.934;77.5481;1991.436035;4.188072;;;
224.298;77.5541;1985.286133;4.199419;;;
224.662;77.5565;1979.572632;4.210765;;;
225.026;77.5630;1973.493408;4.222111;;;
225.390;77.5744;1967.975098;4.233457;;;
225.754;77.5825;1962.447021;4.244852;;;
226.118;77.5948;1956.044434;4.256150;;;
226.482;77.6098;1949.139160;4.267496;;;
226.846;77.6204;1942.607544;4.278943;;;
227.210;77.6365;1936.643921;4.290244;;;
227.575;77.6515;1931.330322;4.301593;;;
227.939;77.6594;1924.579956;4.312981;;;
228.303;77.6708;1919.832642;4.324289;;;
228.667;77.6845;1914.740479;4.335674;;;
229.031;77.7013;1911.222656;4.347020;;;
229.395;77.7148;1906.579102;4.358433;;;
229.759;77.7279;1902.047607;4.369781;;;
230.123;77.7457;1896.983765;4.381130;;;
230.487;77.7614;1891.575195;4.392478;;;
230.851;77.7835;1885.273193;4.403852;;;
231.216;77.8084;1876.883667;4.415174;;;
231.580;77.8294;1869.824951;4.426544;;;
231.944;77.8526;1863.757446;4.437891;;;
232.308;77.8777;1858.914429;4.449237;;;
232.672;77.8967;1852.565430;4.460667;;;
233.036;77.9223;1847.175415;4.471930;;;
233.400;77.9444;1841.115112;4.483363;;;
233.764;77.9598;1835.937012;4.494722;;;
234.128;77.9735;1830.006958;4.506059;;;
234.492;77.9727;1827.389404;4.517415;;;
234.856;77.9701;1823.744385;4.528761;;;
235.220;77.9784;1821.397949;4.540107;;;
235.585;77.9871;1818.459961;4.551552;;;
235.949;78.0124;1817.558350;4.562800;;;
236.313;78.0392;1817.405762;4.574148;;;
236.677;78.0636;1815.435791;4.585593;;;
237.041;78.0919;1811.981079;4.596844;;;
237.405;78.1154;1809.921143;4.608285;;;
237.769;78.1379;1810.458496;4.619631;;;
238.133;78.1572;1811.229736;4.630978;;;
238.497;78.1564;1810.228271;4.642424;;;
238.861;78.1621;1810.075928;4.653685;;;
239.225;78.1686;1809.123657;4.665033;;;
239.590;78.1756;1808.412231;4.676463;;;
239.954;78.1906;1807.874023;4.687809;;;
240.318;78.2064;1807.858398;4.699156;;;
240.682;78.2262;1806.986572;4.710502;;;
241.046;78.2480;1807.601074;4.721848;;;
241.410;78.2560;1808.312134;4.733222;;;
241.774;78.2629;1809.318115;4.744570;;;
242.138;78.2711;1810.508545;4.755987;;;
242.502;78.2832;1811.872192;4.767333;;;
242.866;78.2975;1813.091553;4.778615;;;
243.230;78.3074;1816.332764;4.790026;;;
243.595;78.3185;1819.421387;4.801372;;;
243.959;78.3365;1823.023193;4.812719;;;
244.323;78.3550;1825.091309;4.824107;;;
244.687;78.3892;1825.663330;4.835411;;;
245.051;78.4218;1826.688721;4.846804;;;
245.415;78.4408;1828.191650;4.858204;;;
245.779;78.4609;1829.647949;4.869450;;;
246.143;78.4723;1831.911377;4.880896;;;
246.507;78.4866;1834.817871;4.892243;;;
246.871;78.4916;1836.793457;4.903589;;;
247.236;78.4972;1838.056885;4.914993;;;
247.600;78.5057;1837.047363;4.926281;;;
247.964;78.4981;1835.746338;4.937689;;;
248.328;78.4979;1837.101196;4.949074;;;
248.692;78.5076;1837.406982;4.960385;;;
249.056;78.5089;1839.355591;4.971767;;;
249.420;78.5151;1841.114258;4.983113;;;
249.784;78.5229;1844.587280;4.994430;;;
250.148;78.5249;1847.412476;5.005878;;;
250.512;78.5372;1851.810425;5.017152;;;
250.876;78.5462;1856.123047;5.028574;;;
251.241;78.5475;1858.749756;5.039944;;;
251.605;78.5516;1861.694824;5.051270;;;
251.969;78.5549;1863.770508;5.062619;;;
252.333;78.5644;1863.471680;5.073983;;;
252.697;78.5726;1860.234619;5.085330;;;
253.061;78.5750;1850.900635;5.096676;;;
253.425;78.5872;1847.672119;5.108022;;;
253.789;78.5936;1848.603027;5.119459;;;
254.153;78.6017;1848.820557;5.130807;;;
254.517;78.6237;1851.295410;5.142061;;;
254.881;78.6393;1854.197998;5.153504;;;
255.246;78.6591;1856.847168;5.164854;;;
255.610;78.6789;1860.815430;5.176200;;;
255.974;78.6938;1865.258301;5.187646;;;
256.338;78.7108;1869.919678;5.198896;;;
256.702;78.7276;1874.251709;5.210244;;;
257.066;78.7347;1876.726318;5.221685;;;
257.430;78.7401;1878.942139;5.232941;;;
257.794;78.7400;1880.603394;5.244378;;;
258.158;78.7425;1882.616455;5.255724;;;
258.522;78.7403;1884.916992;5.267085;;;
258.887;78.7383;1885.938599;5.278433;;;
259.251;78.7564;1886.448242;5.289763;;;
259.615;78.7735;1888.284912;5.301130;;;
259.979;78.7985;1891.533325;5.312456;;;
260.343;78.8292;1893.770508;5.323726;;;
260.707;78.8593;1895.745117;5.335174;;;
261.071;78.8784;1897.870972;5.346522;;;
261.435;78.8931;1901.869873;5.357870;;;
261.799;78.8883;1904.661499;5.369319;;;
262.163;78.8826;1905.286621;5.380667;;;
262.527;78.8743;1905.538574;5.392015;;;
262.892;78.8718;1906.938599;5.403363;;;
263.256;78.8789;1908.478027;5.414711;;;
263.620;78.8846;1909.387329;5.426059;;;
263.984;78.8974;1911.438477;5.437465;;;
264.348;78.9074;1915.289062;5.448756;;;
264.712;78.9149;1918.480713;5.460157;;;
265.076;78.9282;1920.749756;5.471504;;;
265.440;78.9302;1923.025879;5.482900;;;
265.804;78.9273;1925.418091;5.494296;;;
266.168;78.9376;1928.251953;5.505543;;;
266.532;78.9332;1931.110229;5.516989;;;
266.897;78.9291;1933.389160;5.528335;;;
267.261;78.9306;1937.025269;5.539641;;;
267.625;78.9300;1939.452881;5.551028;;;
267.989;78.9405;1941.544067;5.562374;;;
268.353;78.9591;1944.572266;5.573720;;;
268.717;78.9731;1947.929443;5.585067;;;
269.081;78.9894;1950.571533;5.596413;;;
269.445;79.0028;1951.908447;5.607830;;;
269.809;79.0076;1952.318237;5.619178;;;
270.173;79.0103;1949.882935;5.630526;;;
270.537;79.0028;1948.294434;5.641898;;;
270.902;78.9927;1948.389160;5.653244;;;
271.266;78.9745;1949.073242;5.664670;;;
271.630;78.9534;1951.095093;5.676037;;;
271.994;78.9477;1951.932861;5.687283;;;
272.358;78.9431;1952.507568;5.698715;;;
272.722;78.9415;1953.384521;5.710076;;;
273.086;78.9419;1954.173584;5.721411;;;
273.450;78.9358;1954.766968;5.732769;;;
273.814;78.9348;1956.446777;5.744115;;;
274.178;78.9345;1958.452393;5.755456;;;
274.542;78.9303;1960.062134;5.766904;;;
274.907;78.9292;1959.728760;5.778154;;;
275.271;78.9192;1959.656982;5.789600;;;
275.635;78.9161;1956.826538;5.800946;;;
275.999;78.9163;1950.871582;5.812293;;;
276.363;78.9110;1946.851074;5.823639;;;
276.727;78.9145;1944.175293;5.834985;;;
277.091;78.9112;1943.566406;5.846341;;;
277.455;78.9043;1942.460449;5.857689;;;
277.819;78.9111;1939.796265;5.869024;;;
278.183;78.9127;1936.581543;5.880385;;;
278.548;78.9138;1935.561523;5.891817;;;
278.912;78.9158;1935.741333;5.903081;;;
279.276;78.9164;1936.122803;5.914509;;;
279.640;78.9237;1935.097900;5.925856;;;
280.004;78.9257;1932.882690;5.937202;;;
280.368;78.9132;1931.102173;5.948548;;;
280.732;78.9020;1930.301758;5.959922;;;
281.096;78.8752;1929.995972;5.971270;;;
281.460;78.8508;1931.510620;5.982587;;;
281.824;78.8324;1932.801025;5.993967;;;
282.188;78.8075;1934.348877;6.005380;;;
282.553;78.7922;1934.098145;6.016726;;;
282.917;78.7839;1931.145020;6.028072;;;
283.281;78.7898;1928.388428;6.039419;;;
283.645;78.8030;1925.100708;6.050707;;;
284.009;78.7955;1918.779175;6.062111;;;
284.373;78.7772;1901.020874;6.073457;;;
284.737;78.7545;1849.537842;6.084852;;;
285.101;78.7157;1819.656982;6.096250;;;
285.465;78.6818;1806.562012;6.107596;;;
285.829;78.6374;1799.762329;6.118943;;;
286.193;78.5936;1794.907959;6.130289;;;
286.557;78.5681;1793.643677;6.141635;;;
286.922;78.5481;1794.353027;6.153041;;;
287.286;78.5286;1795.274170;6.164328;;;
287.650;78.5135;1795.051636;6.175737;;;
288.014;78.4849;1794.890869;6.187120;;;
288.378;78.4615;1793.999268;6.198433;;;
288.742;78.4297;1793.857178;6.209813;;;
289.106;78.3948;1794.335693;6.221159;;;
289.470;78.3639;1795.234375;6.232506;;;
289.834;78.3278;1797.234009;6.243926;;;
290.198;78.2944;1798.442871;6.255274;;;
290.562;78.2586;1798.936890;6.266622;;;
290.927;78.2174;1797.728516;6.277991;;;
291.291;78.1925;1797.028320;6.289319;;;
291.655;78.1729;1796.770752;6.300667;;;
292.019;78.1426;1796.215820;6.312030;;;
292.383;78.1186;1794.812378;6.323363;;;
292.747;78.0827;1793.206177;6.334722;;;
293.111;78.0506;1791.184326;6.346069;;;
293.475;78.0299;1790.315430;6.357407;;;
293.839;77.9864;1790.780884;6.368856;;;
294.203;77.9436;1791.842773;6.380204;;;
294.567;77.8757;1791.825928;6.391554;;;
294.932;77.8127;1793.488281;6.402900;;;
295.296;77.7713;1795.457275;6.414248;;;
295.660;77.7247;1795.380737;6.425596;;;
296.024;77.6852;1794.499390;6.436944;;;
296.388;77.6473;1790.987793;6.448385;;;
296.752;77.6059;1786.986938;6.459731;;;
297.116;77.5762;1784.115479;6.470989;;;
297.480;77.5439;1781.960449;6.482437;;;
297.844;77.5007;1780.545898;6.493770;;;
298.208;77.4571;1780.261475;6.505133;;;
298.572;77.4075;1779.098145;6.516481;;;
298.936;77.3595;1777.075562;6.527830;;;
299.301;77.3135;1775.498779;6.539178;;;
299.665;77.2669;1775.029297;6.550602;;;
300.029;77.2274;1774.809814;6.561874;;;
300.393;77.1856;1775.549561;6.573294;;;
300.757;77.1414;1774.705322;6.584641;;;
301.121;77.1062;1771.970459;6.595919;;;
301.485;77.0679;1771.754272;6.607367;;;
301.849;77.0396;1771.469727;6.618680;;;
302.213;77.0120;1770.873779;6.630063;;;
302.577;76.9674;1770.124268;6.641472;;;
302.942;76.9322;1767.552734;6.652719;;;
303.306;76.8954;1764.750488;6.664107;;;
303.670;76.8491;1761.849121;6.675511;;;
304.034;76.7951;1758.835449;6.686857;;;
304.398;76.7437;1756.176392;6.698252;;;
304.762;76.6918;1752.552246;6.709550;;;
305.126;76.6387;1748.953735;6.720948;;;
305.490;76.5853;1742.300537;6.732296;;;
305.854;76.5327;1685.853516;6.743644;;;
306.218;76.4758;623.840088;6.755035;;;
306.582;76.4365;-515.234741;6.766341;;;
306.946;76.4084;-1017.687500;6.777689;;;
307.311;76.3636;-1239.789307;6.789074;;;
307.675;76.3147;-1338.263794;6.800385;;;
308.039;76.2607;-1380.650635;6.811767;;;
308.403;76.2028;-1399.634033;6.823181;;;
308.767;76.1424;-1407.303589;6.834459;;;
309.131;76.0696;-1410.433594;6.845878;;;
309.495;75.9899;-1411.127808;6.857252;;;
309.859;75.9282;-1410.324463;6.868574;;;
310.223;75.8631;-1410.688232;6.879944;;;
310.587;75.7939;-1411.030029;6.891291;;;
310.951;75.7180;-1410.642090;6.902719;;;
311.316;75.6361;-1411.336304;6.914067;;;
311.680;75.5587;-1412.354492;6.925330;;;
312.044;75.4633;-1416.590576;6.936763;;;
312.408;75.3371;-1418.932373;6.948122;;;
312.772;75.1748;-1420.233643;6.959459;;;
313.136;74.8034;-1420.579956;6.970907;;;
313.500;66.7896;-1421.486450;6.982161;;;
313.864;66.3881;-1421.863281;6.993700;;;
314.228;37.9129;-1421.966919;7.004952;;;
314.607;37.2891;-1421.278564;7.014000;;;